85003,Phoenix,Arizona
85009,Phoenix,Arizona
85027,Phoenix,Arizona
85029,Phoenix,Arizona
85085,Phoenix,Arizona
85135,Hayden,Arizona
85137,Kearny,Arizona
85192,Winkelman,Arizona
85201,Mesa,Arizona
85225,Chandler,Arizona
85251,Scottsdale,Arizona
85328,Cibola,Arizona
85352,Tacna,Arizona
85354,Tonopah,Arizona
85381,Peoria,Arizona
85551,Solomon,Arizona
85615,Hereford,Arizona
85626,Pirtleville,Arizona
85706,Tucson,Arizona
85736,Tucson,Arizona
85924,Concho,Arizona
86033,Kayenta,Arizona
86042,Polacca,Arizona
86045,Tuba City,Arizona
86333,Mayer,Arizona
86403,Lake Havasu City,Arizona
86426,Fort Mohave,Arizona
86433,Oatman,Arizona
86502,Chambers,Arizona
86503,Chinle,Arizona
86545,Rock Point,Arizona
71602,White Hall,Arkansas
71667,Star City,Arkansas
71730,El Dorado,Arkansas
71827,Buckner,Arkansas
71834,Doddridge,Arkansas
71839,Garland City,Arkansas
71842,Horatio,Arkansas
71851,Mineral Springs,Arkansas
71859,Saratoga,Arkansas
71865,Wilton,Arkansas
71933,Bonnerdale,Arkansas
72007,Austin,Arkansas
72014,Beedeville,Arkansas
72031,Clinton,Arkansas
72079,Jefferson,Arkansas
72082,Kensett,Arkansas
72103,Mabelvale,Arkansas
72126,Perryville,Arkansas
72165,Thida,Arkansas
72176,Ward,Arkansas
72201,Little Rock,Arkansas
72206,Little Rock,Arkansas
72342,Helena,Arkansas
72360,Marianna,Arkansas
72367,Mellwood,Arkansas
72383,Turner,Arkansas
72432,Harrisburg,Arkansas
72434,Imboden,Arkansas
72438,Leachville,Arkansas
72469,Strawberry,Arkansas
72476,Walnut Ridge,Arkansas
72482,Williford,Arkansas
72513,Ash Flat,Arkansas
72520,Camp,Arkansas
72522,Charlotte,Arkansas
72542,Hardy,Arkansas
72553,Magness,Arkansas
72567,Pleasant Grove,Arkansas
72571,Rosie,Arkansas
72628,Deer,Arkansas
72717,Canehill,Arkansas
72760,Saint Paul,Arkansas
72762,Springdale,Arkansas
72821,Altus,Arkansas
72828,Briggsville,Arkansas
72838,Gravelly,Arkansas
72852,Oark,Arkansas
72856,Pelsor,Arkansas
72908,Fort Smith,Arkansas
72947,Mulberry,Arkansas
72950,Parks,Arkansas
72959,Winslow,Arkansas
90001,Los Angeles,California
90004,Los Angeles,California
90010,Los Angeles,California
90017,Los Angeles,California
90033,Los Angeles,California
90064,Los Angeles,California
90210,Beverly Hills,California
90240,Downey,California
90241,Downey,California
90270,Maywood,California
90401,Santa Monica,California
90605,Whittier,California
90621,Buena Park,California
90660,Pico Rivera,California
90704,Avalon,California
90803,Long Beach,California
91042,Tujunga,California
91106,Pasadena,California
91203,Glendale,California
91325,Northridge,California
91343,North Hills,California
91361,Westlake Village,California
91604,Studio City,California
91702,Azusa,California
91710,Chino,California
91722,Covina,California
91763,Montclair,California
91803,Alhambra,California
91905,Boulevard,California
91915,Chula Vista,California
91941,La Mesa,California
91948,Mount Laguna,California
91950,National City,California
92003,Bonsall,California
92004,Borrego Springs,California
92008,Carlsbad,California
92021,El Cajon,California
92024,Encinitas,California
92025,Escondido,California
92056,Oceanside,California
92105,San Diego,California
92107,San Diego,California
92113,San Diego,California
92131,San Diego,California
92210,Indian Wells,California
92267,Parker Dam,California
92276,Thousand Palms,California
92321,Cedar Glen,California
92337,Fontana,California
92549,Idyllwild,California
92595,Wildomar,California
92618,Irvine,California
92624,Capistrano Beach,California
92625,Corona Del Mar,California
92672,San Clemente,California
92707,Santa Ana,California
92821,Brea,California
92883,Corona,California
92887,Yorba Linda,California
93004,Ventura,California
93013,Carpinteria,California
93022,Oak View,California
93033,Oxnard,California
93060,Santa Paula,California
93226,Glennville,California
93240,Lake Isabella,California
93242,Laton,California
93260,Posey,California
93267,Strathmore,California
93401,San Luis Obispo,California
93442,Morro Bay,California
93449,Pismo Beach,California
93452,San Simeon,California
93455,Santa Maria,California
93513,Big Pine,California
93531,Keene,California
93551,Palmdale,California
93553,Pearblossom,California
93604,Bass Lake,California
93610,Chowchilla,California
93615,Cutler,California
93616,Del Rey,California
93624,Five Points,California
93631,Kingsburg,California
93657,Sanger,California
93660,San Joaquin,California
93664,Shaver Lake,California
93669,Wishon,California
93722,Fresno,California
93925,Chualar,California
93930,King City,California
93950,Pacific Grove,California
94028,Portola Valley,California
94041,Mountain View,California
94070,San Carlos,California
94102,San Francisco,California
94103,San Francisco,California
94107,San Francisco,California
94305,Stanford,California
94509,Antioch,California
94512,Birds Landing,California
94547,Hercules,California
94597,Walnut Creek,California
94601,Oakland,California
94607,Oakland,California
94933,Forest Knolls,California
94937,Inverness,California
94938,Lagunitas,California
94947,Novato,California
94950,Olema,California
94957,Ross,California
94965,Sausalito,California
95060,Santa Cruz,California
95231,French Camp,California
95234,Holt,California
95237,Lockeford,California
95303,Ballico,California
95310,Columbia,California
95315,Delhi,California
95316,Denair,California
95318,El Portal,California
95324,Hilmar,California
95336,Manteca,California
95337,Manteca,California
95350,Modesto,California
95385,Vernalis,California
95388,Winton,California
95412,Annapolis,California
95425,Cloverdale,California
95426,Cobb,California
95459,Manchester,California
95463,Navarro,California
95490,Willits,California
95492,Windsor,California
95503,Eureka,California
95527,Burnt Ranch,California
95540,Fortuna,California
95547,Hydesville,California
95553,Miranda,California
95556,Orleans,California
95606,Brooks,California
95634,Georgetown,California
95660,North Highlands,California
95680,Ryde,California
95682,Shingle Springs,California
95699,Drytown,California
95709,Camino,California
95717,Gold Run,California
95726,Pollock Pines,California
95742,Rancho Cordova,California
95757,Elk Grove,California
95816,Sacramento,California
95824,Sacramento,California
95825,Sacramento,California
95841,Sacramento,California
95922,Camptonville,California
95923,Canyon Dam,California
95956,Meadow Valley,California
96034,Gazelle,California
96035,Gerber,California
96038,Grenada,California
96058,Macdoel,California
96059,Manton,California
96073,Palo Cedro,California
96074,Paskenta,California
96096,Whitmore,California
96109,Doyle,California
96113,Herlong,California
96120,Markleeville,California
96132,Termo,California
80005,Arvada,Colorado
80011,Aurora,Colorado
80022,Commerce City,Colorado
80031,Westminster,Colorado
80104,Castle Rock,Colorado
80116,Franktown,Colorado
80122,Littleton,Colorado
80203,Denver,Colorado
80229,Denver,Colorado
80231,Denver,Colorado
80264,Denver,Colorado
80302,Boulder,Colorado
80432,Como,Colorado
80433,Conifer,Colorado
80442,Fraser,Colorado
80453,Idledale,Colorado
80457,Kittredge,Colorado
80498,Silverthorne,Colorado
80516,Erie,Colorado
80525,Fort Collins,Colorado
80612,Carr,Colorado
80615,Eaton,Colorado
80624,Gill,Colorado
80631,Greeley,Colorado
80648,Nunn,Colorado
80652,Roggen,Colorado
80720,Akron,Colorado
80721,Amherst,Colorado
80744,Ovid,Colorado
80816,Florissant,Colorado
80820,Guffey,Colorado
80830,Matheson,Colorado
80836,Stratton,Colorado
80863,Woodland Park,Colorado
80910,Colorado Springs,Colorado
80914,Colorado Springs,Colorado
80924,Colorado Springs,Colorado
81001,Pueblo,Colorado
81019,Colorado City,Colorado
81023,Beulah,Colorado
81024,Boncarbo,Colorado
81027,Branson,Colorado
81067,Rocky Ford,Colorado
81092,Wiley,Colorado
81125,Center,Colorado
81133,Fort Garland,Colorado
81141,Manassa,Colorado
81240,Penrose,Colorado
81242,Poncha Springs,Colorado
81248,Sargents,Colorado
81320,Cahone,Colorado
81321,Cortez,Colorado
81325,Egnar,Colorado
81332,Rico,Colorado
81410,Austin,Colorado
81430,Placerville,Colorado
81501,Grand Junction,Colorado
81504,Grand Junction,Colorado
81521,Fruita,Colorado
81615,Snowmass Village,Colorado
81623,Carbondale,Colorado
81624,Collbran,Colorado
81650,Rifle,Colorado
81654,Snowmass,Colorado
6016,Broad Brook,Connecticut
6023,East Berlin,Connecticut
6026,East Granby,Connecticut
6039,Lakeville,Connecticut
6059,North Canton,Connecticut
6066,Vernon Rockville,Connecticut
6070,Simsbury,Connecticut
6078,Suffield,Connecticut
6088,East Windsor,Connecticut
6090,West Granby,Connecticut
6091,West Hartland,Connecticut
6114,Hartford,Connecticut
6235,Chaplin,Connecticut
6256,North Windham,Connecticut
6262,Quinebaug,Connecticut
6264,Scotland,Connecticut
6359,North Stonington,Connecticut
6370,Oakdale,Connecticut
6384,Voluntown,Connecticut
6409,Centerbrook,Connecticut
6413,Clinton,Connecticut
6450,Meriden,Connecticut
6469,Moodus,Connecticut
6477,Orange,Connecticut
6606,Bridgeport,Connecticut
6610,Bridgeport,Connecticut
6612,Easton,Connecticut
6754,Cornwall Bridge,Connecticut
6762,Middlebury,Connecticut
6785,South Kent,Connecticut
6804,Brookfield,Connecticut
6811,Danbury,Connecticut
6854,Norwalk,Connecticut
6883,Weston,Connecticut
6897,Wilton,Connecticut
19707,Hockessin,Delaware
19733,Saint Georges,Delaware
19902,Dover Afb,Delaware
19936,Cheswold,Delaware
19940,Delmar,Delaware
19941,Ellendale,Delaware
20009,Washington,District of Columbia
20037,Washington,District of Columbia
20053,Washington,District of Columbia
20260,Washington,District of Columbia
20390,Washington,District of Columbia
20540,Washington,District of Columbia
32003,Fleming Island,Florida
32024,Lake City,Florida
32038,Fort White,Florida
32065,Orange Park,Florida
32079,Penney Farms,Florida
32087,Sanderson,Florida
32091,Starke,Florida
32117,Daytona Beach,Florida
32139,Georgetown,Florida
32140,Florahome,Florida
32145,Hastings,Florida
32162,The Villages,Florida
32164,Palm Coast,Florida
32168,New Smyrna Beach,Florida
32204,Jacksonville,Florida
32211,Jacksonville,Florida
32218,Jacksonville,Florida
32257,Jacksonville,Florida
32310,Tallahassee,Florida
32327,Crawfordville,Florida
32359,Steinhatchee,Florida
32444,Lynn Haven,Florida
32445,Malone,Florida
32449,Wewahitchka,Florida
32464,Westville,Florida
32509,Pensacola,Florida
32535,Century,Florida
32563,Gulf Breeze,Florida
32568,Mc David,Florida
32578,Niceville,Florida
32607,Gainesville,Florida
32626,Chiefland,Florida
32656,Keystone Heights,Florida
32667,Micanopy,Florida
32708,Winter Springs,Florida
32754,Mims,Florida
32766,Oviedo,Florida
32776,Sorrento,Florida
32780,Titusville,Florida
32784,Umatilla,Florida
32789,Winter Park,Florida
32801,Orlando,Florida
32805,Orlando,Florida
32835,Orlando,Florida
32925,Patrick Afb,Florida
32927,Cocoa,Florida
32951,Melbourne Beach,Florida
32968,Vero Beach,Florida
33001,Long Key,Florida
33004,Dania,Florida
33013,Hialeah,Florida
33016,Hialeah,Florida
33027,Hollywood,Florida
33035,Homestead,Florida
33037,Key Largo,Florida
33062,Pompano Beach,Florida
33068,Pompano Beach,Florida
33129,Miami,Florida
33136,Miami,Florida
33145,Miami,Florida
33154,Miami Beach,Florida
33157,Miami,Florida
33158,Miami,Florida
33162,Miami,Florida
33165,Miami,Florida
33167,Miami,Florida
33169,Miami,Florida
33178,Miami,Florida
33181,Miami,Florida
33182,Miami,Florida
33193,Miami,Florida
33313,Fort Lauderdale,Florida
33403,West Palm Beach,Florida
33406,West Palm Beach,Florida
33407,West Palm Beach,Florida
33442,Deerfield Beach,Florida
33455,Hobe Sound,Florida
33476,Pahokee,Florida
33521,Coleman,Florida
33541,Zephyrhills,Florida
33618,Tampa,Florida
33635,Tampa,Florida
33703,Saint Petersburg,Florida
33704,Saint Petersburg,Florida
33744,Bay Pines,Florida
33755,Clearwater,Florida
33763,Clearwater,Florida
33778,Largo,Florida
33815,Lakeland,Florida
33847,Homeland,Florida
33873,Wauchula,Florida
33884,Winter Haven,Florida
33924,Captiva,Florida
33936,Lehigh Acres,Florida
33974,Lehigh Acres,Florida
33982,Punta Gorda,Florida
34210,Bradenton,Florida
34232,Sarasota,Florida
34233,Sarasota,Florida
34237,Sarasota,Florida
34241,Sarasota,Florida
34243,Sarasota,Florida
34442,Hernando,Florida
34448,Homosassa,Florida
34450,Inverness,Florida
34465,Beverly Hills,Florida
34470,Ocala,Florida
34488,Silver Springs,Florida
34491,Summerfield,Florida
34602,Brooksville,Florida
34609,Spring Hill,Florida
34653,New Port Richey,Florida
34683,Palm Harbor,Florida
34691,Holiday,Florida
34711,Clermont,Florida
34769,Saint Cloud,Florida
34797,Yalaha,Florida
34983,Port Saint Lucie,Florida
34996,Stuart,Florida
30004,Alpharetta,Georgia
30034,Decatur,Georgia
30054,Oxford,Georgia
30070,Porterdale,Georgia
30078,Snellville,Georgia
30082,Smyrna,Georgia
30093,Norcross,Georgia
30097,Duluth,Georgia
30101,Acworth,Georgia
30104,Aragon,Georgia
30105,Armuchee,Georgia
30113,Buchanan,Georgia
30135,Douglasville,Georgia
30143,Jasper,Georgia
30168,Austell,Georgia
30206,Concord,Georgia
30215,Fayetteville,Georgia
30218,Gay,Georgia
30222,Greenville,Georgia
30233,Jackson,Georgia
30275,Sargent,Georgia
30277,Sharpsburg,Georgia
30339,Atlanta,Georgia
30341,Atlanta,Georgia
30410,Ailey,Georgia
30464,Stillmore,Georgia
30467,Sylvania,Georgia
30470,Tarrytown,Georgia
30473,Uvalda,Georgia
30513,Blue Ridge,Georgia
30523,Clarkesville,Georgia
30529,Commerce,Georgia
30545,Helen,Georgia
30557,Martin,Georgia
30566,Oakwood,Georgia
30607,Athens,Georgia
30619,Arnoldsville,Georgia
30683,Winterville,Georgia
30701,Calhoun,Georgia
30720,Dalton,Georgia
30728,La Fayette,Georgia
30734,Ranger,Georgia
30752,Trenton,Georgia
30755,Tunnel Hill,Georgia
30802,Appling,Georgia
30820,Mitchell,Georgia
30912,Augusta,Georgia
31007,Byromville,Georgia
31016,Culloden,Georgia
31058,Mauk,Georgia
31094,Warthen,Georgia
31216,Macon,Georgia
31217,Macon,Georgia
31220,Macon,Georgia
31309,Fleming,Georgia
31314,Fort Stewart,Georgia
31316,Ludowici,Georgia
31523,Brunswick,Georgia
31554,Nicholls,Georgia
31560,Screven,Georgia
31567,West Green,Georgia
31623,Argyle,Georgia
31630,Du Pont,Georgia
31634,Homerville,Georgia
31701,Albany,Georgia
31709,Americus,Georgia
31711,Andersonville,Georgia
31747,Ellenton,Georgia
31757,Thomasville,Georgia
31771,Norman Park,Georgia
31774,Ocilla,Georgia
31787,Smithville,Georgia
31789,Sumner,Georgia
31830,Warm Springs,Georgia
31906,Columbus,Georgia
39834,Climax,Georgia
39845,Donalsonville,Georgia
96701,Aiea,Hawaii
96708,Haiku,Hawaii
96734,Kailua,Hawaii
96761,Lahaina,Hawaii
96783,Pepeekeo,Hawaii
96797,Waipahu,Hawaii
96818,Honolulu,Hawaii
83210,Aberdeen,Idaho
83234,Downey,Idaho
83254,Montpelier,Idaho
83283,Thatcher,Idaho
83285,Wayan,Idaho
83316,Buhl,Idaho
83336,Heyburn,Idaho
83342,Malta,Idaho
83348,Picabo,Idaho
83354,Sun Valley,Idaho
83464,Leadore,Idaho
83548,Reubens,Idaho
83616,Eagle,Idaho
83622,Garden Valley,Idaho
83627,Hammett,Idaho
83628,Homedale,Idaho
83654,New Meadows,Idaho
83666,Placerville,Idaho
83706,Boise,Idaho
83712,Boise,Idaho
83810,Cataldo,Idaho
83815,Coeur D Alene,Idaho
83827,Elk River,Idaho
83830,Fernwood,Idaho
83833,Harrison,Idaho
83836,Hope,Idaho
83839,Kingston,Idaho
83846,Mullan,Idaho
83856,Priest River,Idaho
60002,Antioch,Illinois
60031,Gurnee,Illinois
60041,Ingleside,Illinois
60043,Kenilworth,Illinois
60048,Libertyville,Illinois
60184,Wayne,Illinois
60408,Braidwood,Illinois
60410,Channahon,Illinois
60423,Frankfort,Illinois
60448,Mokena,Illinois
60450,Morris,Illinois
60457,Hickory Hills,Illinois
60458,Justice,Illinois
60462,Orland Park,Illinois
60471,Richton Park,Illinois
60474,South Wilmington,Illinois
60475,Steger,Illinois
60503,Aurora,Illinois
60511,Big Rock,Illinois
60515,Downers Grove,Illinois
60532,Lisle,Illinois
60536,Millbrook,Illinois
60551,Sheridan,Illinois
60563,Naperville,Illinois
60564,Naperville,Illinois
60613,Chicago,Illinois
60619,Chicago,Illinois
60653,Chicago,Illinois
60657,Chicago,Illinois
60707,Elmwood Park,Illinois
60712,Lincolnwood,Illinois
60920,Campus,Illinois
60932,East Lynn,Illinois
60952,Melvin,Illinois
60955,Onarga,Illinois
60963,Rossville,Illinois
61015,Chana,Illinois
61028,Elizabeth,Illinois
61036,Galena,Illinois
61037,Galt,Illinois
61041,Hanover,Illinois
61049,Lindenwood,Illinois
61071,Rock Falls,Illinois
61091,Woosung,Illinois
61231,Aledo,Illinois
61239,Carbon Cliff,Illinois
61242,Cordova,Illinois
61252,Fulton,Illinois
61256,Hampton,Illinois
61274,Osco,Illinois
61275,Port Byron,Illinois
61320,Dalzell,Illinois
61323,Dover,Illinois
61326,Granville,Illinois
61333,Long Point,Illinois
61344,Mineral,Illinois
61345,Neponset,Illinois
61358,Rutland,Illinois
61364,Streator,Illinois
61377,Wenona,Illinois
61438,Good Hope,Illinois
61465,New Windsor,Illinois
61479,Speer,Illinois
61484,Vermont,Illinois
61570,Washburn,Illinois
61605,Peoria,Illinois
61606,Peoria,Illinois
61740,Flanagan,Illinois
61742,Goodfield,Illinois
61753,Lexington,Illinois
61761,Normal,Illinois
61775,Strawn,Illinois
61776,Towanda,Illinois
61814,Bismarck,Illinois
61822,Champaign,Illinois
61850,Indianola,Illinois
61857,Muncie,Illinois
61863,Pesotum,Illinois
61870,Ridge Farm,Illinois
61871,Royal,Illinois
61919,Camargo,Illinois
61928,Gays,Illinois
61938,Mattoon,Illinois
61955,Vermilion,Illinois
61956,Villa Grove,Illinois
62001,Alhambra,Illinois
62002,Alton,Illinois
62023,Eagarville,Illinois
62035,Godfrey,Illinois
62049,Hillsboro,Illinois
62053,Kampsville,Illinois
62058,Livingston,Illinois
62065,Michael,Illinois
62082,Roodhouse,Illinois
62087,South Roxana,Illinois
62092,White Hall,Illinois
62201,East Saint Louis,Illinois
62207,East Saint Louis,Illinois
62232,Caseyville,Illinois
62243,Freeburg,Illinois
62254,Lebanon,Illinois
62275,Pocahontas,Illinois
62288,Steeleville,Illinois
62294,Troy,Illinois
62311,Augusta,Illinois
62320,Camp Point,Illinois
62324,Clayton,Illinois
62325,Coatsburg,Illinois
62346,La Prairie,Illinois
62355,Nebo,Illinois
62358,Niota,Illinois
62501,Argenta,Illinois
62526,Decatur,Illinois
62530,Divernon,Illinois
62532,Elwin,Illinois
62548,Mount Pulaski,Illinois
62571,Tower Hill,Illinois
62610,Alsey,Illinois
62633,Easton,Illinois
62643,Hartsburg,Illinois
62666,Middletown,Illinois
62671,New Holland,Illinois
62675,Petersburg,Illinois
62677,Pleasant Plains,Illinois
62682,San Jose,Illinois
62684,Sherman,Illinois
62689,Thayer,Illinois
62690,Virden,Illinois
62694,Winchester,Illinois
62803,Hoyleton,Illinois
62817,Broughton,Illinois
62824,Clay City,Illinois
62841,Freeman Spur,Illinois
62867,New Haven,Illinois
62884,Sesser,Illinois
62888,Tamaroa,Illinois
62901,Carbondale,Illinois
62907,Ava,Illinois
62921,Colp,Illinois
62928,Eddyville,Illinois
62938,Golconda,Illinois
62943,Grantsburg,Illinois
62976,Pulaski,Illinois
62982,Rosiclare,Illinois
62987,Stonefort,Illinois
46011,Anderson,Indiana
46032,Carmel,Indiana
46039,Forest,Indiana
46048,Ingalls,Indiana
46051,Lapel,Indiana
46110,Boggstown,Indiana
46115,Carthage,Indiana
46118,Clayton,Indiana
46121,Coatesville,Indiana
46140,Greenfield,Indiana
46148,Knightstown,Indiana
46181,Trafalgar,Indiana
46239,Indianapolis,Indiana
46260,Indianapolis,Indiana
46268,Indianapolis,Indiana
46301,Beverly Shores,Indiana
46310,Demotte,Indiana
46324,Hammond,Indiana
46340,Hanna,Indiana
46347,Kouts,Indiana
46376,Schneider,Indiana
46407,Gary,Indiana
46506,Bremen,Indiana
46573,Wakarusa,Indiana
46590,Winona Lake,Indiana
46704,Arcola,Indiana
46721,Butler,Indiana
46740,Geneva,Indiana
46745,Hoagland,Indiana
46760,Kimmell,Indiana
46764,Larwill,Indiana
46771,Mongo,Indiana
46774,New Haven,Indiana
46785,Saint Joe,Indiana
46792,Warren,Indiana
46808,Fort Wayne,Indiana
46902,Kokomo,Indiana
46974,Roann,Indiana
46975,Rochester,Indiana
46992,Wabash,Indiana
47025,Lawrenceburg,Indiana
47167,Salem,Indiana
47201,Columbus,Indiana
47260,Medora,Indiana
47340,Farmland,Indiana
47360,Mooreland,Indiana
47369,Pennville,Indiana
47385,Spiceland,Indiana
47386,Springport,Indiana
47434,Harrodsburg,Indiana
47436,Heltonville,Indiana
47453,Owensburg,Indiana
47455,Patricksburg,Indiana
47456,Quincy,Indiana
47558,Montgomery,Indiana
47581,Shoals,Indiana
47584,Spurgeon,Indiana
47725,Evansville,Indiana
47802,Terre Haute,Indiana
47805,Terre Haute,Indiana
47833,Bowling Green,Indiana
47841,Clay City,Indiana
47847,Dana,Indiana
47850,Farmersburg,Indiana
47863,New Goshen,Indiana
47868,Poland,Indiana
47920,Battle Ground,Indiana
47924,Buck Creek,Indiana
47926,Burnettsville,Indiana
47940,Darlington,Indiana
47948,Goodland,Indiana
47959,Monon,Indiana
47983,Stockwell,Indiana
50023,Ankeny,Iowa
50027,Barnes City,Iowa
50034,Blairsburg,Iowa
50039,Bouton,Iowa
50067,Decatur,Iowa
50116,Hamilton,Iowa
50120,Haverhill,Iowa
50130,Jewell,Iowa
50147,Lineville,Iowa
50153,Lynnville,Iowa
50167,Minburn,Iowa
50171,Montezuma,Iowa
50208,Newton,Iowa
50212,Ogden,Iowa
50222,Peru,Iowa
50231,Randall,Iowa
50238,Russell,Iowa
50244,Slater,Iowa
50254,Thayer,Iowa
50271,Williams,Iowa
50309,Des Moines,Iowa
50420,Alexander,Iowa
50428,Clear Lake,Iowa
50430,Corwith,Iowa
50439,Goodell,Iowa
50454,Little Cedar,Iowa
50455,Mc Intire,Iowa
50464,Plymouth,Iowa
50475,Sheffield,Iowa
50511,Algona,Iowa
50515,Ayrshire,Iowa
50538,Farnhamville,Iowa
50540,Fonda,Iowa
50543,Gowrie,Iowa
50560,Lu Verne,Iowa
50573,Plover,Iowa
50585,Sioux Rapids,Iowa
50604,Aplington,Iowa
50613,Cedar Falls,Iowa
50633,Geneva,Iowa
50634,Gilbertville,Iowa
50648,Jesup,Iowa
50654,Masonville,Iowa
50655,Maynard,Iowa
50668,Readlyn,Iowa
50836,Blockton,Iowa
50851,Lenox,Iowa
50857,Nodaway,Iowa
50864,Villisca,Iowa
51005,Aurelia,Iowa
51006,Battle Creek,Iowa
51007,Bronson,Iowa
51010,Castana,Iowa
51026,Hornick,Iowa
51031,Le Mars,Iowa
51033,Linn Grove,Iowa
51046,Paullina,Iowa
51058,Sutherland,Iowa
51346,Hartley,Iowa
51350,Melvin,Iowa
51355,Okoboji,Iowa
51363,Superior,Iowa
51440,Dedham,Iowa
51442,Denison,Iowa
51443,Glidden,Iowa
51445,Ida Grove,Iowa
51455,Manning,Iowa
51555,Missouri Valley,Iowa
51571,Silver City,Iowa
51572,Soldier,Iowa
51573,Stanton,Iowa
51577,Walnut,Iowa
51631,Braddyville,Iowa
51652,Sidney,Iowa
52041,Earlville,Iowa
52052,Guttenberg,Iowa
52156,Luana,Iowa
52202,Alburnett,Iowa
52208,Belle Plaine,Iowa
52216,Clarence,Iowa
52228,Fairfax,Iowa
52254,Lost Nation,Iowa
52305,Martelle,Iowa
52314,Mount Vernon,Iowa
52323,Oxford Junction,Iowa
52335,South English,Iowa
52336,Springville,Iowa
52341,Toddville,Iowa
52342,Toledo,Iowa
52352,Walker,Iowa
52550,Delta,Iowa
52555,Exline,Iowa
52569,Melrose,Iowa
52570,Milton,Iowa
52571,Moravia,Iowa
52583,Promise City,Iowa
52588,Selma,Iowa
52626,Farmington,Iowa
52649,Salem,Iowa
52728,Buffalo,Iowa
52737,Columbus City,Iowa
52745,Dixon,Iowa
52747,Durant,Iowa
52751,Grand Mound,Iowa
52776,West Liberty,Iowa
52801,Davenport,Iowa
52802,Davenport,Iowa
66058,Muscotah,Kansas
66091,Welda,Kansas
66418,Delia,Kansas
66429,Grantville,Kansas
66515,Morrill,Kansas
66516,Netawaka,Kansas
66711,Arcadia,Kansas
66732,Elsmore,Kansas
66748,Humboldt,Kansas
66860,Madison,Kansas
66869,Strong City,Kansas
67020,Burrton,Kansas
67144,Towanda,Kansas
67450,Holyrood,Kansas
67490,Wilson,Kansas
67625,Bogue,Kansas
67642,Hill City,Kansas
67671,Victoria,Kansas
67749,Oberlin,Kansas
67801,Dodge City,Kansas
67843,Fort Dodge,Kansas
67865,Minneola,Kansas
67880,Ulysses,Kansas
31823,Pine Mountain Valley,Georgia
32043,Green Cove Springs,Florida
47469,West Baden Springs,Indiana
60958,Pembroke Township,Illinois
71913,Hot Springs National,Arkansas
72118,North Little Rock,Arkansas
80477,Steamboat Springs,Colorado
80487,Steamboat Springs,Colorado
86443,Temple Bar Marina,Arizona
93207,California Hot Sprin,California
96103,Blairsden-graeagle,California
96863,M C B H Kaneohe Bay,Hawaii